id;isbn;title;year;author
B-001;978-617-12-3456-7;Кобзар;1840;Тарас Шевченко
B-002;978-966-03-7890-1;Тіні забутих предків;1911;Михайло Коцюбинський
B-003;978-617-09-1234-5;Захар Беркут;1883;Іван Франко
B-004;978-966-22-8888-2;Місто;1928;Валер'ян Підмогильний
B-005;978-617-55-1111-9;Кайдашева сім'я;1879;Нечуй-Левицький
B-006;978-966-14-2222-3;Чорна рада;1846;Пантелеймон Куліш
B-007;978-617-02-4444-5;Тигролови;1944;Іван Багряний
B-008;978-966-91-5555-8;Хіба ревуть воли, як ясла повні?;1880;Панас Мирний
B-009;978-617-88-7777-1;Маруся Чурай;1982;Ліна Костенко
B-010;978-966-43-9999-0;Блакитний роман;1921;Григорій Чупринка
B-011;978-617-11-0000-4;Поганий рік;невідомо;Автор
B-012;978-966-22-3333-6;Без автора і року
B-013;;Порожній ID;2000;Тест